id,name,age,email,signup_date
1,Name_1,26,user1@example.com,2023-01-01
2,Name_2,27,user2@example.com,2023-01-02
3,Name_3,28,user3@example.com,2023-01-03
4,Name_4,29,user4@example.com,2023-01-04
5,Name_5,25,user5@example.com,2023-01-05
6,Name_6,26,user6@example.com,2023-01-06
7,Name_7,27,user7@example.com,2023-01-07
8,Name_8,28,user8@example.com,2023-01-08
9,Name_9,29,user9@example.com,2023-01-09
10,Name_10,25,user10@example.com,2023-01-10
11,Name_11,26,user11@example.com,2023-01-11
12,Name_12,27,user12@example.com,2023-01-12
13,Name_13,28,user13@example.com,2023-01-13
14,Name_14,29,user14@example.com,2023-01-14
15,Name_15,25,user15@example.com,2023-01-15
16,Name_16,26,user16@example.com,2023-01-16
17,Name_17,27,user17@example.com,2023-01-17
18,Name_18,28,user18@example.com,2023-01-18
19,Name_19,29,user19@example.com,2023-01-19
20,Name_20,25,user20@example.com,2023-01-20
